{"is_source_file": true, "format": "Java", "description": "This is the main application class for a Spring Boot Java application related to airport facility services. It contains the entry point for the application with a main method that runs the Spring application context.", "external_files": ["org.springframework.boot.SpringApplication", "org.springframework.boot.autoconfigure.SpringBootApplication"], "external_methods": ["SpringApplication.run"], "published": ["airportfacilityserviceApplication"], "classes": [{"name": "airportfacilityserviceApplication", "description": "The main class annotated with @SpringBootApplication, serving as the entry point to the Spring Boot application."}], "methods": [{"name": "main", "description": "Main method that launches the Spring Boot application."}], "calls": ["SpringApplication.run"], "search-terms": ["Spring Boot", "main class", "application entry point", "airport facility service"], "state": 2, "file_id": 1, "knowledge_revision": 10, "git_revision": "63aea0d8ae6b066ad8207ed99c883e7a86b970d9", "hash": "193467d015736b9a7d3fc580c454284e", "format-version": 4, "code-base-name": "airport_facility_service", "filename": "airport_facility_service/src/main/java/com/example/demo/airportfacilityserviceApplication.java", "revision_history": [{"10": "63aea0d8ae6b066ad8207ed99c883e7a86b970d9"}]}