{"is_source_file": false, "format": "", "description": "", "external_files": [], "external_methods": [], "published": [], "classes": [], "methods": [], "calls": [], "search-terms": [], "state": 2, "file_id": 9, "knowledge_revision": 58, "git_revision": "e888fbbe5d732093731ace091ff44d6ff1f3337b", "hash": "7b77cecc108e3a05812cad66b3a3b9fd", "format-version": 4, "code-base-name": "airport_facility_service", "filename": "airport_facility_service/src/main/resources/db/migration/V3__facility_service_tables.sql", "revision_history": [{"58": "e888fbbe5d732093731ace091ff44d6ff1f3337b"}]}