{"is_source_file": true, "file_id": 45, "git_revision": "e888fbbe5d732093731ace091ff44d6ff1f3337b", "state": 1, "description": "", "external_files": [], "external_methods": [], "published": [], "classes": [], "methods": [], "calls": [], "search-terms": [], "hash": "6990b2e9501c3059ec195dd710ed67eb", "format-version": 4, "code-base-name": "airport_facility_service", "filename": "airport_facility_service/src/main/java/com/example/airportfacilityservice/api/FeedbackController.java", "knowledge_revision": 56}