{"is_source_file": false, "format": "", "description": "", "external_files": [], "external_methods": [], "published": [], "classes": [], "methods": [], "calls": [], "search-terms": [], "state": 2, "file_id": 7, "knowledge_revision": 16, "git_revision": "d85651531039ad454c1350287a42104a9fa38f73", "hash": "8fac8cedd60a45b85685f5367d325a81", "format-version": 4, "code-base-name": "airport_facility_service", "filename": "airport_facility_service/src/main/resources/db/migration/V2__seed_data.sql", "revision_history": [{"16": "d85651531039ad454c1350287a42104a9fa38f73"}]}