{"is_source_file": true, "format": "Java", "description": "This file defines a REST controller in a Spring Boot application providing basic endpoints such as a welcome message, API documentation redirect, health check, and application info.", "external_files": ["io.swagger.v3.oas.annotations.Operation", "io.swagger.v3.oas.annotations.tags.Tag", "jakarta.servlet.http.HttpServletRequest", "org.springframework.http.server.ServletServerHttpRequest", "org.springframework.web.bind.annotation.GetMapping", "org.springframework.web.bind.annotation.RestController", "org.springframework.web.servlet.view.RedirectView", "org.springframework.web.util.UriComponentsBuilder"], "external_methods": ["UriComponentsBuilder.fromHttpRequest", "RedirectView.setHttp10Compatible"], "published": ["hello", "docs", "health", "info"], "classes": [{"name": "HelloController", "description": "A Spring REST controller that provides basic endpoints for greeting, documentation redirection, health check, and application info."}], "methods": [{"name": "hello", "description": "Returns a welcome message for the application."}, {"name": "docs", "description": "Redirects to the Swagger UI page, preserving the original request's scheme, host, and port."}, {"name": "health", "description": "Provides a simple health check response."}, {"name": "info", "description": "Returns basic application information."}], "calls": ["UriComponentsBuilder.fromHttpRequest", "RedirectView.setHttp10Compatible"], "search-terms": ["Spring Boot REST controller", "HelloController", "Swagger UI redirect", "health check endpoint", "application info endpoint"], "state": 2, "file_id": 49, "knowledge_revision": 101, "git_revision": "e888fbbe5d732093731ace091ff44d6ff1f3337b", "hash": "c2b2626c944cf337d98304994c31b98b", "format-version": 4, "code-base-name": "airport_facility_service", "filename": "airport_facility_service/src/main/java/com/example/airportfacilityservice/HelloController.java", "revision_history": [{"101": "e888fbbe5d732093731ace091ff44d6ff1f3337b"}]}