{"is_source_file": false, "format": "", "description": "", "external_files": [], "external_methods": [], "published": [], "classes": [], "methods": [], "calls": [], "search-terms": [], "state": 2, "file_id": 4, "knowledge_revision": 17, "git_revision": "d85651531039ad454c1350287a42104a9fa38f73", "hash": "ec52c22fb5ac3f369b3de7963e51cd0b", "format-version": 4, "code-base-name": "airport_facility_service", "filename": "airport_facility_service/build.gradle", "revision_history": [{"17": "d85651531039ad454c1350287a42104a9fa38f73"}]}