{"is_source_file": true, "format": "Java", "description": "This file defines a Java record named HotelBookingCreateRequest used as a Data Transfer Object (DTO) for creating hotel bookings, including fields for booking ID, guests count, and room type, with validation and schema annotations.", "external_files": ["io.swagger.v3.oas.annotations.media.Schema", "jakarta.validation.constraints.Min", "jakarta.validation.constraints.NotNull", "jakarta.validation.constraints.Size", "java.util.UUID"], "external_methods": [], "published": ["HotelBookingCreateRequest"], "classes": [{"name": "HotelBookingCreateRequest", "description": "A Java record serving as a DTO for creating hotel bookings with validation and schema annotations."}], "methods": [], "calls": [], "search-terms": ["HotelBookingCreateRequest", "Create hotel booking", "DTO", "java record", "validation", "schema", "bookingId", "guestsCount", "roomType"], "state": 2, "file_id": 36, "knowledge_revision": 88, "git_revision": "e888fbbe5d732093731ace091ff44d6ff1f3337b", "hash": "3fdf3d114be61a8aaa5cbd61f8b8bfb1", "format-version": 4, "code-base-name": "airport_facility_service", "filename": "airport_facility_service/src/main/java/com/example/airportfacilityservice/api/dto/HotelBookingCreateRequest.java", "revision_history": [{"88": "e888fbbe5d732093731ace091ff44d6ff1f3337b"}]}