{"is_source_file": true, "format": "Java", "description": "This Java class defines the entity model for a grievance or ticket linked to passenger bookings in an airport facility service platform. It maps the GrievanceEntity to the 'grievances' table in a database, including fields like ID, passenger ID, booking ID, category, subject, description, priority, status, assigned admin, resolution, and timestamps.", "external_files": ["com.fasterxml.jackson.annotation.JsonIgnoreProperties", "jakarta.persistence.Entity", "jakarta.persistence.Table", "jakarta.persistence.Id", "jakarta.persistence.Column"], "external_methods": [], "published": ["com.example.airportfacilityservice.domain.GrievanceEntity"], "classes": [{"name": "GrievanceEntity", "description": "JPA entity representing passenger grievances linked to bookings, including fields for complaint details, status, resolution, and timestamps."}], "methods": [{"name": "getId", "description": "Returns the UUID of the grievance."}, {"name": "setId", "description": "Sets the UUID of the grievance."}, {"name": "getPassengerId", "description": "Returns the UUID of the passenger associated with the grievance."}, {"name": "setPassengerId", "description": "Sets the UUID for the passenger associated with the grievance."}, {"name": "getBookingId", "description": "Returns the booking UUID linked to the grievance."}, {"name": "setBookingId", "description": "Sets the booking UUID linked to the grievance."}, {"name": "getCategory", "description": "Returns the category of the grievance."}, {"name": "setCategory", "description": "Sets the category of the grievance."}, {"name": "getSubject", "description": "Returns the subject/title of the grievance."}, {"name": "setSubject", "description": "Sets the subject/title of the grievance."}, {"name": "getDescription", "description": "Returns the detailed description of the grievance."}, {"name": "setDescription", "description": "Sets the detailed description of the grievance."}, {"name": "getPriority", "description": "Returns the priority level of the grievance."}, {"name": "setPriority", "description": "Sets the priority level of the grievance."}, {"name": "getStatus", "description": "Returns the current status of the grievance."}, {"name": "setStatus", "description": "Sets the current status of the grievance."}, {"name": "getAssignedAdminId", "description": "Returns the UUID of the admin assigned to handle the grievance."}, {"name": "setAssignedAdminId", "description": "Sets the UUID of the admin assigned to handle the grievance."}, {"name": "getResolution", "description": "Returns the resolution text for the grievance."}, {"name": "setResolution", "description": "Sets the resolution text for the grievance."}, {"name": "getResolvedAt", "description": "Returns the timestamp when the grievance was resolved."}, {"name": "setResolvedAt", "description": "Sets the timestamp when the grievance was resolved."}, {"name": "getCreatedAt", "description": "Returns the timestamp when the grievance was created."}, {"name": "setCreatedAt", "description": "Sets the timestamp when the grievance was created."}, {"name": "getUpdatedAt", "description": "Returns the timestamp when the grievance was last updated."}, {"name": "setUpdatedAt", "description": "Sets the timestamp when the grievance was last updated."}], "calls": [], "search-terms": ["GrievanceEntity", "passenger grievance", "booking_id", "passenger_id", "airline complaint", "airport complaint", "ticket issue"], "state": 2, "file_id": 17, "knowledge_revision": 69, "git_revision": "e888fbbe5d732093731ace091ff44d6ff1f3337b", "hash": "2ed8a1791c981cd0541faf76358c0206", "format-version": 4, "code-base-name": "airport_facility_service", "filename": "airport_facility_service/src/main/java/com/example/airportfacilityservice/domain/GrievanceEntity.java", "revision_history": [{"69": "e888fbbe5d732093731ace091ff44d6ff1f3337b"}]}