{"is_source_file": true, "file_id": 43, "git_revision": "e888fbbe5d732093731ace091ff44d6ff1f3337b", "state": 1, "description": "", "external_files": [], "external_methods": [], "published": [], "classes": [], "methods": [], "calls": [], "search-terms": [], "hash": "d26413faee3351ca968098a788c55db3", "format-version": 4, "code-base-name": "airport_facility_service", "filename": "airport_facility_service/src/main/java/com/example/airportfacilityservice/api/LoungeBookingController.java", "knowledge_revision": 54}