{"is_source_file": true, "format": "Java", "description": "This file defines the BookingRepository interface, which extends JpaRepository and provides query methods for BookingEntity objects related to bookings in the airport facility service platform.", "external_files": ["org.springframework.data.jpa.repository.JpaRepository", "com.example.airportfacilityservice.domain.BookingEntity", "com.example.airportfacilityservice.domain.FacilityType"], "external_methods": [], "published": ["BookingRepository"], "classes": [{"name": "BookingRepository", "description": "Repository interface for CRUD operations and custom queries related to BookingEntity objects."}], "methods": [{"name": "findByPassengerIdOrderByCreatedAtDesc", "description": "Finds all BookingEntity instances for a given passenger ID, ordered by creation date descending."}, {"name": "findByPassengerIdAndBookingTypeOrderByCreatedAtDesc", "description": "Finds all BookingEntity instances for a given passenger ID and booking type, ordered by creation date descending."}], "calls": [], "search-terms": ["BookingRepository", "JpaRepository", "BookingEntity", "PassengerId", "BookingType", "findByPassengerId"], "state": 2, "file_id": 20, "knowledge_revision": 72, "git_revision": "e888fbbe5d732093731ace091ff44d6ff1f3337b", "hash": "9697e5e1767e190bb27be8b4c4a97388", "format-version": 4, "code-base-name": "airport_facility_service", "filename": "airport_facility_service/src/main/java/com/example/airportfacilityservice/repo/BookingRepository.java", "revision_history": [{"72": "e888fbbe5d732093731ace091ff44d6ff1f3337b"}]}