{"is_source_file": true, "format": "Java", "description": "This source file defines a custom exception class 'NotFoundException' used in the airport facility service platform. It extends RuntimeException and is thrown when a requested resource is not found.", "external_files": [], "external_methods": [], "published": ["com.example.airportfacilityservice.api.error.NotFoundException"], "classes": [{"name": "NotFoundException", "description": "A custom exception indicating a resource was not found; extends RuntimeException."}], "methods": [{"name": "NotFoundException", "description": "Constructor that creates a NotFoundException with a specific message."}], "calls": [], "search-terms": ["NotFoundException", "runtime exception", "resource not found", "com.example.airportfacilityservice"], "state": 2, "file_id": 28, "knowledge_revision": 80, "git_revision": "e888fbbe5d732093731ace091ff44d6ff1f3337b", "hash": "b11e6afcf368e7e81b5ab28369517917", "format-version": 4, "code-base-name": "airport_facility_service", "filename": "airport_facility_service/src/main/java/com/example/airportfacilityservice/api/error/NotFoundException.java", "revision_history": [{"80": "e888fbbe5d732093731ace091ff44d6ff1f3337b"}]}