{"is_source_file": true, "format": "Java", "description": "This file defines a Java record class named FeedbackCreateRequest used for creating feedback entries, with annotated fields for validation and API documentation.", "external_files": ["io.swagger.v3.oas.annotations.media.Schema", "jakarta.validation.constraints.Max", "jakarta.validation.constraints.Min", "jakarta.validation.constraints.NotBlank", "jakarta.validation.constraints.Size", "java.util.UUID"], "external_methods": [], "published": ["FeedbackCreateRequest"], "classes": [{"name": "FeedbackCreateRequest", "description": "A Java record class representing a request to create feedback, containing passenger ID, facility ID, rating, title, and message."}], "methods": [], "calls": [], "search-terms": ["FeedbackCreateRequest", "API DTO", "Java record", "feedback", "create feedback", "UUID", "validation annotations", "Swagger schema"], "state": 2, "file_id": 37, "knowledge_revision": 89, "git_revision": "e888fbbe5d732093731ace091ff44d6ff1f3337b", "hash": "a087eb9360239d52e5c6efc898a32a70", "format-version": 4, "code-base-name": "airport_facility_service", "filename": "airport_facility_service/src/main/java/com/example/airportfacilityservice/api/dto/FeedbackCreateRequest.java", "revision_history": [{"89": "e888fbbe5d732093731ace091ff44d6ff1f3337b"}]}