{"is_source_file": false, "format": "", "description": "", "external_files": [], "external_methods": [], "published": [], "classes": [], "methods": [], "calls": [], "search-terms": [], "state": 2, "file_id": 4, "knowledge_revision": 14, "git_revision": "d85651531039ad454c1350287a42104a9fa38f73", "hash": "b1bbd4c858fc3933c9703ce75ccf57e9", "format-version": 4, "code-base-name": "airport_facility_service", "filename": "airport_facility_service/build.gradle", "revision_history": [{"14": "d85651531039ad454c1350287a42104a9fa38f73"}]}