{"is_source_file": true, "format": "Java", "description": "This Java source file defines a REST controller named FeedbackController, which provides endpoints for managing feedback entities in an airport passenger service platform. It includes methods to list, retrieve, create, and delete feedback entries, interacting with a FeedbackRepository and handling request validation, response status codes, and path/query parameters.", "external_files": ["com.example.airportfacilityservice.api.dto.FeedbackCreateRequest", "com.example.airportfacilityservice.api.error.NotFoundException", "com.example.airportfacilityservice.domain.FeedbackEntity", "com.example.airportfacilityservice.repo.FeedbackRepository", "io.swagger.v3.oas.annotations.Operation", "io.swagger.v3.oas.annotations.tags.Tag", "org.springframework.web.bind.annotation.*", "jakarta.validation.Valid"], "external_methods": ["feedbackRepository.findByPassengerIdOrderByCreatedAtDesc", "feedbackRepository.findByFacilityIdOrderByCreatedAtDesc", "feedbackRepository.findAll", "feedbackRepository.findById", "feedbackRepository.save", "feedbackRepository.existsById", "feedbackRepository.deleteById"], "published": ["com.example.airportfacilityservice.api.FeedbackController"], "classes": [{"name": "FeedbackController", "description": "A REST controller for managing feedback entities, providing endpoints to list, retrieve, create, and delete feedback records."}], "methods": [{"name": "list", "description": "Handles GET requests to list feedback. Can filter by passengerId or facilityId."}, {"name": "get", "description": "Handles GET requests to retrieve a specific feedback entry by its ID."}, {"name": "create", "description": "Handles POST requests to create a new feedback entry with validation."}, {"name": "delete", "description": "Handles DELETE requests to remove a feedback entry by its ID."}], "calls": ["feedbackRepository.findByPassengerIdOrderByCreatedAtDesc", "feedbackRepository.findByFacilityIdOrderByCreatedAtDesc", "feedbackRepository.findAll", "feedbackRepository.findById", "feedbackRepository.save", "feedbackRepository.existsById", "feedbackRepository.deleteById"], "search-terms": ["FeedbackController", "FeedbackRepository", "FeedbackEntity", "FeedbackCreateRequest", "Feedback endpoints", "rest API feedback", "feedback CRUD", "Spring Boot feedback controller"], "state": 2, "file_id": 45, "knowledge_revision": 97, "git_revision": "e888fbbe5d732093731ace091ff44d6ff1f3337b", "hash": "6990b2e9501c3059ec195dd710ed67eb", "format-version": 4, "code-base-name": "airport_facility_service", "filename": "airport_facility_service/src/main/java/com/example/airportfacilityservice/api/FeedbackController.java", "revision_history": [{"97": "e888fbbe5d732093731ace091ff44d6ff1f3337b"}]}