{"is_source_file": true, "format": "Java", "description": "This file defines a data transfer object (DTO) named BookingCreateRequest used for creating a booking in the airport facility service platform. It is a record class containing various fields related to a booking, with validation and schema annotations for API documentation and input validation.", "external_files": ["com/example/airportfacilityservice/domain/FacilityType", "io/swagger/v3/oas/annotations/media/Schema", "jakarta/validation/constraints/NotBlank", "jakarta/validation/constraints/NotNull", "jakarta/validation/constraints/Size", "java/math/BigDecimal", "java/time/Instant", "java/util/UUID"], "external_methods": [], "published": ["BookingCreateRequest"], "classes": [{"name": "BookingCreateRequest", "description": "A record that encapsulates data needed to create a new booking, including identifiers, types, reference codes, time ranges, monetary amount, currency, notes, and status."}], "methods": [], "calls": [], "search-terms": ["BookingCreateRequest", "DTO", "record", "create booking", "facility", "passengerId", "referenceCode", "startAt", "endAt"], "state": 2, "file_id": 33, "knowledge_revision": 85, "git_revision": "e888fbbe5d732093731ace091ff44d6ff1f3337b", "hash": "bbfa9a2520c48fa3abac2099be78971b", "format-version": 4, "code-base-name": "airport_facility_service", "filename": "airport_facility_service/src/main/java/com/example/airportfacilityservice/api/dto/BookingCreateRequest.java", "revision_history": [{"85": "e888fbbe5d732093731ace091ff44d6ff1f3337b"}]}