{"is_source_file": true, "format": "Java", "description": "This Java source file defines a custom exception class ConflictException used within the airport facility service platform to signal conflicts such as constraint violations.", "external_files": [], "external_methods": [], "published": ["com.example.airportfacilityservice.api.error.ConflictException"], "classes": [{"name": "ConflictException", "description": "A custom exception class that extends RuntimeException, intended to be thrown when a request violates uniqueness or business constraints."}], "methods": [{"name": "ConflictException", "description": "Constructor that initializes the ConflictException with a specific error message."}], "calls": [], "search-terms": ["ConflictException", "RuntimeException", "business constraint violation", "api error", "Java exception"], "state": 2, "file_id": 29, "knowledge_revision": 81, "git_revision": "e888fbbe5d732093731ace091ff44d6ff1f3337b", "hash": "4394f1d2b38eb1e69004a2a2e0510a3c", "format-version": 4, "code-base-name": "airport_facility_service", "filename": "airport_facility_service/src/main/java/com/example/airportfacilityservice/api/error/ConflictException.java", "revision_history": [{"81": "e888fbbe5d732093731ace091ff44d6ff1f3337b"}]}