{"is_source_file": true, "format": "Java", "description": "This file defines a Java record class 'ParkingBookingCreateRequest' used as a Data Transfer Object (DTO) for creating parking bookings, including validation and schema annotations.", "external_files": ["io.swagger.v3.oas.annotations.media.Schema", "jakarta.validation.constraints.NotBlank", "jakarta.validation.constraints.NotNull", "jakarta.validation.constraints.Size", "java.util.UUID"], "external_methods": [], "published": ["ParkingBookingCreateRequest"], "classes": [{"name": "ParkingBookingCreateRequest", "description": "A record class representing the request data needed to create a parking booking, with validation and schema annotations."}], "methods": [], "calls": [], "search-terms": ["ParkingBookingCreateRequest", "DTO", "Java record", "parking booking", "vehicleNumber", "slotCode", "bookingId"], "state": 2, "file_id": 34, "knowledge_revision": 86, "git_revision": "e888fbbe5d732093731ace091ff44d6ff1f3337b", "hash": "5b18b6d93f4402d870affd4d11f6fc8b", "format-version": 4, "code-base-name": "airport_facility_service", "filename": "airport_facility_service/src/main/java/com/example/airportfacilityservice/api/dto/ParkingBookingCreateRequest.java", "revision_history": [{"86": "e888fbbe5d732093731ace091ff44d6ff1f3337b"}]}