{"is_source_file": true, "file_id": 41, "git_revision": "e888fbbe5d732093731ace091ff44d6ff1f3337b", "state": 3, "description": "", "external_files": [], "external_methods": [], "published": [], "classes": [], "methods": [], "calls": [], "search-terms": [], "hash": "53dcae14710c2063b6b313f2d7682eeb", "format-version": 4, "code-base-name": "airport_facility_service", "filename": "airport_facility_service/src/main/java/com/example/airportfacilityservice/api/BookingController.java", "knowledge_revision": 52}