{"is_source_file": true, "format": "Java", "description": "Source code for a REST API controller managing facilities within an airport facility service platform. Defines endpoints for listing, retrieving by ID, creating, updating, and deleting facility entities.", "external_files": ["com/example/airportfacilityservice/api/dto/FacilityCreateRequest.java", "com/example/airportfacilityservice/api/dto/FacilityUpdateRequest.java", "com/example/airportfacilityservice/api/error/ConflictException.java", "com/example/airportfacilityservice/api/error/NotFoundException.java", "com/example/airportfacilityservice/domain/FacilityEntity.java", "com/example/airportfacilityservice/domain/FacilityType.java", "com/example/airportfacilityservice/repo/FacilityRepository.java", "io/swagger/v3/oas/annotations/Operation.java", "io/swagger/v3/oas/annotations/Tag.java", "Jakarta/validation/Valid.java", "org/springframework/dao/DataIntegrityViolationException.java", "org/springframework/http/HttpStatus.java", "org/springframework/web/bind/annotation/.*"], "external_methods": ["facilityRepository.findByFacilityTypeAndActive", "facilityRepository.findAll", "facilityRepository.findById", "facilityRepository.save", "facilityRepository.existsById", "facilityRepository.deleteById", "UUID.randomUUID", "Instant.now", "orElseThrow", "throw new ConflictException", "throw new NotFoundException"], "published": ["list", "get", "create", "update", "delete"], "classes": [{"name": "FacilityController", "description": "REST Controller providing endpoints to manage facilities, including listing, retrieval, creation, modification, and deletion of Facility entities."}], "methods": [{"name": "list", "description": "Handles GET requests to list facilities, optionally filtered by facility type and active status."}, {"name": "get", "description": "Retrieves a specific Facility entity by its UUID, throwing NotFoundException if not present."}, {"name": "create", "description": "Handles POST requests to create a new facility, ensuring no duplicate exists and setting metadata."}, {"name": "update", "description": "Updates an existing Facility entity based on provided fields, throwing NotFoundException if entity does not exist."}, {"name": "delete", "description": "Deletes a facility by its UUID, throwing NotFoundException if not found."}], "calls": ["facilityRepository.findByFacilityTypeAndActive", "facilityRepository.findAll", "facilityRepository.findById", "facilityRepository.save", "facilityRepository.existsById", "facilityRepository.deleteById", "UUID.randomUUID", "Instant.now", "orElseThrow", "throw new ConflictException", "throw new NotFoundException"], "search-terms": ["FacilityController", "REST API facilities", "createFacility", "updateFacility", "deleteFacility", "FacilityRepository", "facilityType filtering", "FacilityEntity", "FacilityCRUD"], "state": 2, "file_id": 40, "knowledge_revision": 92, "git_revision": "e888fbbe5d732093731ace091ff44d6ff1f3337b", "hash": "029da497f3ca33b606b26c3f00336db8", "format-version": 4, "code-base-name": "airport_facility_service", "filename": "airport_facility_service/src/main/java/com/example/airportfacilityservice/api/FacilityController.java", "revision_history": [{"92": "e888fbbe5d732093731ace091ff44d6ff1f3337b"}]}