{"is_source_file": true, "format": "Java", "description": "This Java class serves as a centralized exception handler within a Spring Boot application, providing consistent JSON error responses for various exceptions such as validation errors, resource not found, conflicts, data integrity violations, and unspecified server errors.", "external_files": ["org.springframework.web.bind.annotation.RestControllerAdvice", "org.springframework.web.bind.annotation.ExceptionHandler", "org.springframework.http.ResponseEntity", "org.springframework.http.HttpStatus", "org.springframework.http.ProblemDetail", "jakarta.servlet.http.HttpServletRequest", "java.time.Instant", "java.util.List", "java.util.stream.Collectors", "org.springframework.dao.DataIntegrityViolationException", "org.springframework.web.ErrorResponseException", "org.springframework.web.bind.MethodArgumentNotValidException"], "external_methods": ["ex.getBindingResult()", "fe.getField()", "fe.getDefaultMessage()", "ex.getMessage()", "ex.getStatusCode()", "ex.getBody()"], "published": ["ApiError", "NotFoundException", "ConflictException"], "classes": [{"name": "GlobalExceptionHandler", "description": "Class annotated as a RestControllerAdvice for handling exceptions globally in a Spring Boot REST API."}], "methods": [{"name": "handleValidation", "description": "Handles validation errors (MethodArgumentNotValidException) by creating a detailed ApiError response with field violations.", "parameters": ["MethodArgumentNotValidException ex", "HttpServletRequest request"]}, {"name": "handleNotFound", "description": "Handles NotFoundException, returning a 404 error response with the exception message.", "parameters": ["NotFoundException ex", "HttpServletRequest request"]}, {"name": "handleConflict", "description": "Handles ConflictException, returning a 409 error response with the exception message.", "parameters": ["ConflictException ex", "HttpServletRequest request"]}, {"name": "handleDataIntegrity", "description": "Handles DataIntegrityViolationException, indicating a data integrity violation with a 409 conflict response.", "parameters": ["DataIntegrityViolationException ex", "HttpServletRequest request"]}, {"name": "handleSpringErrorResponse", "description": "Handles ErrorResponseException, returning the embedded ProblemDetail object with its status code.", "parameters": ["ErrorResponseException ex"]}, {"name": "handleOther", "description": "A catch-all handler for any other exceptions, returning a 500 Internal Server Error with a generic message.", "parameters": ["Exception ex", "HttpServletRequest request"]}, {"name": "messageForFieldError", "description": "Utility method to extract a default message from a FieldError, defaulting to 'Invalid value'.", "parameters": ["FieldError fe"]}], "calls": ["ex.getBindingResult().getFieldErrors()", "fe.getField()", "fe.getDefaultMessage()", "ex.getMessage()", "ex.getStatusCode()", "ex.getBody()"], "search-terms": ["GlobalExceptionHandler", "Spring Boot error handling", "exception mapping", "Controller Advice", "ApiError", "validation errors", "not found handler", "conflict handler", "data integrity", "ErrorResponseException"], "state": 2, "file_id": 30, "knowledge_revision": 82, "git_revision": "e888fbbe5d732093731ace091ff44d6ff1f3337b", "hash": "512dfe2e037b2e42e88de81a1f92722c", "format-version": 4, "code-base-name": "airport_facility_service", "filename": "airport_facility_service/src/main/java/com/example/airportfacilityservice/api/error/GlobalExceptionHandler.java", "revision_history": [{"82": "e888fbbe5d732093731ace091ff44d6ff1f3337b"}]}