{"is_source_file": true, "format": "Java", "description": "Java entity class representing lounge booking details, mapped to the 'lounge_bookings' database table.", "external_files": ["com.fasterxml.jackson.annotation.JsonIgnoreProperties", "jakarta.persistence.*", "java.time.Instant", "java.util.UUID"], "external_methods": [], "published": ["LoungeBookingEntity"], "classes": [{"name": "LoungeBookingEntity", "description": "Entity class for lounge booking information, including booking ID, lounge pass count, creation timestamp, and update timestamp."}], "methods": [{"name": "getBookingId", "description": "Returns the UUID of the lounge booking."}, {"name": "setBookingId", "description": "Sets the UUID of the lounge booking."}, {"name": "getLoungePassCount", "description": "Returns the number of lounge passes booked."}, {"name": "setLoungePassCount", "description": "Sets the number of lounge passes booked."}, {"name": "getCreatedAt", "description": "Returns the timestamp when the booking was created."}, {"name": "setCreatedAt", "description": "Sets the timestamp when the booking was created."}, {"name": "getUpdatedAt", "description": "Returns the timestamp when the booking was last updated."}, {"name": "setUpdatedAt", "description": "Sets the timestamp when the booking was last updated."}], "calls": [], "search-terms": ["LoungeBookingEntity", "lounge_bookings", "UUID", "timestamps", "JPA entity"], "state": 2, "file_id": 14, "knowledge_revision": 66, "git_revision": "e888fbbe5d732093731ace091ff44d6ff1f3337b", "hash": "f428d58647e494a5b6f0bc9eede4be58", "format-version": 4, "code-base-name": "airport_facility_service", "filename": "airport_facility_service/src/main/java/com/example/airportfacilityservice/domain/LoungeBookingEntity.java", "revision_history": [{"66": "e888fbbe5d732093731ace091ff44d6ff1f3337b"}]}