{"is_source_file": true, "format": "Java", "description": "This file defines a record FacilityCreateRequest used for creating facility catalog entries in the airport facility service platform, including validation constraints and Swagger annotations.", "external_files": ["com/example/airportfacilityservice/domain/FacilityType", "io/swagger/v3/oas/annotations/media/Schema", "jakarta/validation/constraints/NotBlank", "jakarta/validation/constraints/NotNull", "jakarta/validation/constraints/Size", "java/math/BigDecimal"], "external_methods": [], "published": ["FacilityCreateRequest"], "classes": [{"name": "FacilityCreateRequest", "description": "Record representing a request to create a new facility, including facility details, validation, and schema annotations."}], "methods": [], "calls": [], "search-terms": ["FacilityCreateRequest", "java record", "DTO", "create facility", "validation", "Swagger schema"], "state": 2, "file_id": 31, "knowledge_revision": 83, "git_revision": "e888fbbe5d732093731ace091ff44d6ff1f3337b", "hash": "888bf97c2448d4d7aba9b02b128aace6", "format-version": 4, "code-base-name": "airport_facility_service", "filename": "airport_facility_service/src/main/java/com/example/airportfacilityservice/api/dto/FacilityCreateRequest.java", "revision_history": [{"83": "e888fbbe5d732093731ace091ff44d6ff1f3337b"}]}