{"is_source_file": false, "format": "", "description": "", "external_files": [], "external_methods": [], "published": [], "classes": [], "methods": [], "calls": [], "search-terms": [], "state": 2, "file_id": 4, "knowledge_revision": 9, "git_revision": "63aea0d8ae6b066ad8207ed99c883e7a86b970d9", "hash": "85f99a36547793e6415556caf5b3a379", "format-version": 4, "code-base-name": "airport_facility_service", "filename": "airport_facility_service/build.gradle", "revision_history": [{"9": "63aea0d8ae6b066ad8207ed99c883e7a86b970d9"}]}