{"is_source_file": true, "format": "Java", "description": "Defines a repository interface for parking booking entities extending JpaRepository, which provides CRUD operations for ParkingBookingEntity objects identified by UUID.", "external_files": ["com/example/airportfacilityservice/domain/ParkingBookingEntity.java", "org.springframework.data.jpa.repository.JpaRepository"], "external_methods": ["JpaRepository<ParkingBookingEntity, UUID>.save()", "JpaRepository<ParkingBookingEntity, UUID>.findById()", "JpaRepository<ParkingBookingEntity, UUID>.delete()", "JpaRepository<ParkingBookingEntity, UUID>.findAll()"], "published": ["ParkingBookingRepository"], "classes": [{"name": "ParkingBookingRepository", "description": "A Spring Data JPA repository interface for managing ParkingBookingEntity instances."}], "methods": [{"name": "ParkingBookingRepository", "description": "Interface declaration extending JpaRepository to handle ParkingBookingEntity objects with UUID identifiers."}], "calls": [], "search-terms": ["ParkingBookingRepository", "JPARepository", "ParkingBookingEntity", "UUID", "Spring Data"], "state": 2, "file_id": 21, "knowledge_revision": 73, "git_revision": "e888fbbe5d732093731ace091ff44d6ff1f3337b", "hash": "727eab5885450808319f0276b80b82e8", "format-version": 4, "code-base-name": "airport_facility_service", "filename": "airport_facility_service/src/main/java/com/example/airportfacilityservice/repo/ParkingBookingRepository.java", "revision_history": [{"73": "e888fbbe5d732093731ace091ff44d6ff1f3337b"}]}