{"is_source_file": true, "format": "Java", "description": "Repository interface for FacilityEntity entities, providing data access methods using Spring Data JPA.", "external_files": ["com.example.airportfacilityservice.domain.FacilityEntity", "com.example.airportfacilityservice.domain.FacilityType", "org.springframework.data.jpa.repository.JpaRepository"], "external_methods": ["JpaRepository<FacilityEntity, UUID>", "findByFacilityTypeAndCode", "findByFacilityTypeAndActive"], "published": ["FacilityRepository"], "classes": [{"name": "FacilityRepository", "description": "JPA repository interface for accessing FacilityEntity instances, extending JpaRepository."}], "methods": [{"name": "findByFacilityTypeAndCode", "description": "Retrieves a facility entity by its type and code, returning an Optional."}, {"name": "findByFacilityTypeAndActive", "description": "Retrieves a list of facility entities by their type and active status."}], "calls": ["JpaRepository<FacilityEntity, UUID>", "findByFacilityTypeAndCode", "findByFacilityTypeAndActive"], "search-terms": ["FacilityRepository", "FacilityEntity", "FacilityType", "JpaRepository", "repository", "Spring Data JPA"], "state": 2, "file_id": 19, "knowledge_revision": 71, "git_revision": "e888fbbe5d732093731ace091ff44d6ff1f3337b", "hash": "47c610a770e4fe867351e3a287d8e9b5", "format-version": 4, "code-base-name": "airport_facility_service", "filename": "airport_facility_service/src/main/java/com/example/airportfacilityservice/repo/FacilityRepository.java", "revision_history": [{"71": "e888fbbe5d732093731ace091ff44d6ff1f3337b"}]}