{"is_source_file": true, "format": "Java", "description": "This is a Java Spring Boot REST controller class for managing grievances/tickets in an airport facility service platform. It provides endpoints to list, retrieve, create, and delete grievance records.", "external_files": ["com/example/airportfacilityservice/api/dto/GrievanceCreateRequest", "com/example/airportfacilityservice/api/error/NotFoundException", "com/example/airportfacilityservice/domain/GrievanceEntity", "com/example/airportfacilityservice/repo/GrievanceRepository", "io/swagger/v3/oas/annotations/Operation", "io/swagger/v3/oas/annotations/Tag", "jakarta/validation/Valid", "java/time/Instant", "java/util/List", "java/util/UUID", "org/springframework/http/HttpStatus", "org/springframework/web/bind/annotation/.*"], "external_methods": ["grievanceRepository.findByPassengerIdOrderByCreatedAtDesc(UUID)", "grievanceRepository.findAll()", "grievanceRepository.findById(UUID)", "grievanceRepository.save(GrievanceEntity)", "grievanceRepository.existsById(UUID)", "grievanceRepository.deleteById(UUID)"], "published": ["GrievanceController"], "classes": [{"name": "GrievanceController", "description": "A Spring Boot REST controller managing grievance/ticket endpoints for creating, retrieving, listing, and deleting grievances related to airport services"}], "methods": [{"name": "list", "description": "Handles GET requests to list all grievances, optionally filtered by passengerId."}, {"name": "get", "description": "Handles GET requests to retrieve a specific grievance by its UUID."}, {"name": "create", "description": "Handles POST requests to create a new grievance record."}, {"name": "delete", "description": "Handles DELETE requests to delete a grievance by its UUID."}], "calls": ["grievanceRepository.findByPassengerIdOrderByCreatedAtDesc", "grievanceRepository.findAll", "grievanceRepository.findById", "grievanceRepository.save", "grievanceRepository.existsById", "grievanceRepository.deleteById"], "search-terms": ["GrievanceController", "GRIEVANCES", "create grievance", "delete grievance", "passengerId filter", "api/grievances"], "state": 2, "file_id": 46, "knowledge_revision": 98, "git_revision": "e888fbbe5d732093731ace091ff44d6ff1f3337b", "hash": "fe2c1401e2093cf9a27476566c478a5e", "format-version": 4, "code-base-name": "airport_facility_service", "filename": "airport_facility_service/src/main/java/com/example/airportfacilityservice/api/GrievanceController.java", "revision_history": [{"98": "e888fbbe5d732093731ace091ff44d6ff1f3337b"}]}