{"is_source_file": true, "format": "Java", "description": "This is the main application entry point for a Spring Boot-based airport facility service. It contains the main method annotated with @SpringBootApplication, which bootstraps the Spring application context.", "external_files": ["org.springframework.boot.SpringApplication", "org.springframework.boot.autoconfigure.SpringBootApplication"], "external_methods": ["SpringApplication.run"], "published": ["com.example.airportfacilityservice.AirportFacilityServiceApplication"], "classes": [{"name": "AirportFacilityServiceApplication", "description": "Main class for launching the Spring Boot application, annotated with @SpringBootApplication."}], "methods": [{"name": "main", "description": "Application entry point that initiates the Spring Boot application context."}], "calls": ["SpringApplication.run(AirportFacilityServiceApplication.class, args)"], "search-terms": ["SpringBootApplication", "AirportFacilityServiceApplication", "main", "SpringApplication"], "state": 2, "file_id": 48, "knowledge_revision": 100, "git_revision": "e888fbbe5d732093731ace091ff44d6ff1f3337b", "hash": "bba3f7de85583773dbfcd341508c6a41", "format-version": 4, "code-base-name": "airport_facility_service", "filename": "airport_facility_service/src/main/java/com/example/airportfacilityservice/AirportFacilityServiceApplication.java", "revision_history": [{"100": "e888fbbe5d732093731ace091ff44d6ff1f3337b"}]}