{"is_source_file": true, "file_id": 49, "git_revision": "e888fbbe5d732093731ace091ff44d6ff1f3337b", "state": 1, "description": "", "external_files": [], "external_methods": [], "published": [], "classes": [], "methods": [], "calls": [], "search-terms": [], "hash": "c2b2626c944cf337d98304994c31b98b", "format-version": 4, "code-base-name": "airport_facility_service", "filename": "airport_facility_service/src/main/java/com/example/airportfacilityservice/HelloController.java", "knowledge_revision": 61}