{"is_source_file": true, "file_id": 46, "git_revision": "e888fbbe5d732093731ace091ff44d6ff1f3337b", "state": 1, "description": "", "external_files": [], "external_methods": [], "published": [], "classes": [], "methods": [], "calls": [], "search-terms": [], "hash": "fe2c1401e2093cf9a27476566c478a5e", "format-version": 4, "code-base-name": "airport_facility_service", "filename": "airport_facility_service/src/main/java/com/example/airportfacilityservice/api/GrievanceController.java", "knowledge_revision": 57}