{"is_source_file": true, "format": "Java", "description": "This Java source file defines a REST controller for managing beacon-based offers/promotions in an airport passenger service platform. It includes endpoints for listing, retrieving, creating, and deleting beacon offers, utilizing Spring Boot annotations and conventions.", "external_files": ["com.example.airportfacilityservice.api.dto.BeaconOfferCreateRequest", "com.example.airportfacilityservice.api.error.NotFoundException", "com.example.airportfacilityservice.domain.BeaconOfferEntity", "com.example.airportfacilityservice.repo.BeaconOfferRepository", "io.swagger.v3.oas.annotations.Operation", "io.swagger.v3.oas.annotations.tags.Tag", "org.springframework.web.bind.annotation.*", "org.springframework.http.HttpStatus"], "external_methods": ["beaconOfferRepository.findByBeaconIdAndActive", "beaconOfferRepository.findAll", "beaconOfferRepository.findById", "beaconOfferRepository.save", "beaconOfferRepository.existsById", "beaconOfferRepository.deleteById", "UUID.randomUUID", "Instant.now"], "published": ["list", "get", "create", "delete"], "classes": [{"name": "BeaconOfferController", "description": "Spring REST controller for CRUD operations on beacon offers, handling HTTP requests related to beacon-based promotional offers."}], "methods": [{"name": "list", "description": "Handles GET requests to list all beacon offers, optionally filtered by beaconId and active status."}, {"name": "get", "description": "Handles GET requests to retrieve a specific beacon offer by its UUID, throwing NotFoundException if not found."}, {"name": "create", "description": "Handles POST requests to create a new beacon offer, generating a UUID and setting timestamps."}, {"name": "delete", "description": "Handles DELETE requests to remove a beacon offer by its UUID, throwing NotFoundException if not exists."}], "calls": ["beaconOfferRepository.findByBeaconIdAndActive", "beaconOfferRepository.findAll", "beaconOfferRepository.findById", "beaconOfferRepository.save", "beaconOfferRepository.existsById", "beaconOfferRepository.deleteById", "UUID.randomUUID", "Instant.now"], "search-terms": ["BeaconOfferController", "beacon-offers", "BeaconOffers", "BeaconOfferEntity", "create beacon offer", "delete beacon offer", "list beacon offers"], "state": 2, "file_id": 47, "knowledge_revision": 99, "git_revision": "e888fbbe5d732093731ace091ff44d6ff1f3337b", "hash": "537a038634077fdd97f5adec5242377c", "format-version": 4, "code-base-name": "airport_facility_service", "filename": "airport_facility_service/src/main/java/com/example/airportfacilityservice/api/BeaconOfferController.java", "revision_history": [{"99": "e888fbbe5d732093731ace091ff44d6ff1f3337b"}]}