{"is_source_file": true, "file_id": 48, "git_revision": "e888fbbe5d732093731ace091ff44d6ff1f3337b", "state": 1, "description": "", "external_files": [], "external_methods": [], "published": [], "classes": [], "methods": [], "calls": [], "search-terms": [], "hash": "bba3f7de85583773dbfcd341508c6a41", "format-version": 4, "code-base-name": "airport_facility_service", "filename": "airport_facility_service/src/main/java/com/example/airportfacilityservice/AirportFacilityServiceApplication.java", "knowledge_revision": 60}