{"is_source_file": false, "format": "", "description": "", "external_files": [], "external_methods": [], "published": [], "classes": [], "methods": [], "calls": [], "search-terms": [], "state": 2, "file_id": 8, "knowledge_revision": 46, "git_revision": "e888fbbe5d732093731ace091ff44d6ff1f3337b", "hash": "5b5c72e39e2ec32cdc544e2a9f39a4e7", "format-version": 4, "code-base-name": "airport_facility_service", "filename": "airport_facility_service/config/checkstyle/checkstyle.xml", "revision_history": [{"46": "e888fbbe5d732093731ace091ff44d6ff1f3337b"}]}