{"is_source_file": true, "format": "Java", "description": "Data Transfer Object (DTO) for updating a facility in the airport facility service platform, containing various descriptive and pricing attributes for a facility.", "external_files": ["io/swagger/v3/oas/annotations/media/Schema", "jakarta/validation/constraints/Size", "java/math/BigDecimal"], "external_methods": [], "published": ["FacilityUpdateRequest"], "classes": [{"name": "FacilityUpdateRequest", "description": "A Java record representing the payload for updating facility details, with validation and schema annotations."}], "methods": [], "calls": [], "search-terms": ["FacilityUpdateRequest", "DTO", "Java record", "facility", "update", "API", "schema", "BigDecimal", "Location", "description"], "state": 2, "file_id": 32, "knowledge_revision": 84, "git_revision": "e888fbbe5d732093731ace091ff44d6ff1f3337b", "hash": "79f12e3d836238dcda34d6ddd4fdb91c", "format-version": 4, "code-base-name": "airport_facility_service", "filename": "airport_facility_service/src/main/java/com/example/airportfacilityservice/api/dto/FacilityUpdateRequest.java", "revision_history": [{"84": "e888fbbe5d732093731ace091ff44d6ff1f3337b"}]}