{"is_source_file": true, "format": "Java", "description": "This file defines the HotelBookingEntity class, representing hotel booking details as a JPA entity for persistence in a relational database. It includes fields like bookingId, guestsCount, roomType, createdAt, and updatedAt, with corresponding getter and setter methods, and is annotated for ORM mapping.", "external_files": ["com.fasterxml.jackson.annotation.JsonIgnoreProperties", "jakarta.persistence.Column", "jakarta.persistence.Entity", "jakarta.persistence.Id", "jakarta.persistence.Table"], "external_methods": [], "published": ["com.example.airportfacilityservice.domain.HotelBookingEntity"], "classes": [{"name": "HotelBookingEntity", "description": "Entity class representing hotel booking information with ORM mappings and getter/setter methods."}], "methods": [{"name": "getBookingId", "description": "Returns the unique identifier for the hotel booking."}, {"name": "setBookingId", "description": "Sets the unique identifier for the hotel booking."}, {"name": "getGuestsCount", "description": "Returns the number of guests for the booking."}, {"name": "setGuestsCount", "description": "Sets the number of guests for the booking."}, {"name": "getRoomType", "description": "Returns the type of room booked."}, {"name": "setRoomType", "description": "Sets the type of room booked."}, {"name": "getCreatedAt", "description": "Returns the timestamp when the booking was created."}, {"name": "setCreatedAt", "description": "Sets the creation timestamp of the booking."}, {"name": "getUpdatedAt", "description": "Returns the timestamp when the booking was last updated."}, {"name": "setUpdatedAt", "description": "Sets the last update timestamp of the booking."}], "calls": [], "search-terms": ["HotelBookingEntity", "hotel_bookings", "UUID", "createdAt", "updatedAt", "roomType", "guestCount", "ORM", "JPA_entity"], "state": 2, "file_id": 15, "knowledge_revision": 67, "git_revision": "e888fbbe5d732093731ace091ff44d6ff1f3337b", "hash": "557fda061ee93d024e98dff3081cc9b8", "format-version": 4, "code-base-name": "airport_facility_service", "filename": "airport_facility_service/src/main/java/com/example/airportfacilityservice/domain/HotelBookingEntity.java", "revision_history": [{"67": "e888fbbe5d732093731ace091ff44d6ff1f3337b"}]}