{"is_source_file": true, "format": "Java", "description": "This file is a REST controller in a Spring Boot application that manages lounge booking operations, including fetching lounge booking details by ID and creating new lounge bookings.", "external_files": ["com/example/airportfacilityservice/api/dto/LoungeBookingCreateRequest.java", "com/example/airportfacilityservice/api/error/NotFoundException.java", "com/example/airportfacilityservice/domain/BookingEntity.java", "com/example/airportfacilityservice/domain/LoungeBookingEntity.java", "com/example/airportfacilityservice/repo/BookingRepository.java", "com/example/airportfacilityservice/repo/LoungeBookingRepository.java", "io.swagger.v3.oas.annotations.Operation.java", "io.swagger.v3.oas.annotations.tags.Tag.java", "org.springframework.web.bind.annotation.*"], "external_methods": ["loungeBookingRepository.findById()", "loungeBookingRepository.save()", "bookingRepository.findById()", "NotFoundException.<init>()", "LoungeBookingEntity.setBookingId()", "LoungeBookingEntity.setLoungePassCount()", "LoungeBookingEntity.setCreatedAt()", "LoungeBookingEntity.setUpdatedAt()"], "published": ["LoungeBookingController"], "classes": [{"name": "LoungeBookingController", "description": "A REST controller managing lounge booking API endpoints, including retrieval by ID and creation of lounge bookings."}], "methods": [{"name": "get", "description": "Handles GET requests to fetch lounge booking details by booking ID."}, {"name": "create", "description": "Handles POST requests to create a new lounge booking, validating input and persisting the entity."}], "calls": ["loungeBookingRepository.findById()", "loungeBookingRepository.save()", "bookingRepository.findById()", "new NotFoundException()", "Instant.now()"], "search-terms": ["LoungeBookingController", "LoungeBookingEntity", "loungeBookingRepository", "bookingRepository", "create lounge booking", "get lounge booking details"], "state": 2, "file_id": 43, "knowledge_revision": 95, "git_revision": "e888fbbe5d732093731ace091ff44d6ff1f3337b", "hash": "d26413faee3351ca968098a788c55db3", "format-version": 4, "code-base-name": "airport_facility_service", "filename": "airport_facility_service/src/main/java/com/example/airportfacilityservice/api/LoungeBookingController.java", "revision_history": [{"95": "e888fbbe5d732093731ace091ff44d6ff1f3337b"}]}