{"is_source_file": true, "format": "Java", "description": "This Java class is a REST controller managing parking booking operations within an airport facility service. It provides endpoints to retrieve and create parking booking details, interacting with domain models and repositories.", "external_files": ["com/example/airportfacilityservice/api/dto/ParkingBookingCreateRequest.java", "com/example/airportfacilityservice/api/error/NotFoundException.java", "com/example/airportfacilityservice/domain/BookingEntity.java", "com/example/airportfacilityservice/domain/ParkingBookingEntity.java", "com/example/airportfacilityservice/repo/BookingRepository.java", "com/example/airportfacilityservice/repo/ParkingBookingRepository.java", "io/swagger/v3/oas/annotations/Operation.java", "io/swagger/v3/oas/annotations/Tag.java", "jakarta/validation/Valid.java", "java/time/Instant.java", "org/springframework/http/HttpStatus.java", "org/springframework/web/bind/annotation/GetMapping.java", "org/springframework/web/bind/annotation/PathVariable.java", "org/springframework/web/bind/annotation/PostMapping.java", "org/springframework/web/bind/annotation/RequestBody.java", "org/springframework/web/bind/annotation/RequestMapping.java", "org/springframework/web/bind/annotation/ResponseStatus.java", "org/springframework/web/bind/annotation/RestController.java"], "external_methods": ["parkingBookingRepository.findById", "bookingRepository.findById", "parkingBookingRepository.save", "Instant.now"], "published": ["com.example.airportfacilityservice.api.ParkingBookingController"], "classes": [{"name": "ParkingBookingController", "description": "A Spring Boot REST controller handling parking booking retrieval and creation endpoints."}], "methods": [{"name": "get", "description": "Retrieves parking booking details based on bookingId using a GET request."}, {"name": "create", "description": "Creates a new parking booking record from the provided request data."}], "calls": ["parkingBookingRepository.findById", "bookingRepository.findById", "parkingBookingRepository.save", "Instant.now"], "search-terms": ["ParkingBookingController", "createParkingBooking", "getParkingBooking", "UUID", "bookingId", "ParkingBookingEntity", "ParkingBookingRepository"], "state": 2, "file_id": 42, "knowledge_revision": 94, "git_revision": "e888fbbe5d732093731ace091ff44d6ff1f3337b", "hash": "93f6b544076158be4e2b50ba2f20a3de", "format-version": 4, "code-base-name": "airport_facility_service", "filename": "airport_facility_service/src/main/java/com/example/airportfacilityservice/api/ParkingBookingController.java", "revision_history": [{"94": "e888fbbe5d732093731ace091ff44d6ff1f3337b"}]}