{"is_source_file": true, "format": "Java", "description": "This Java source file defines a Spring Boot REST controller for managing facility bookings in an airport passenger service platform. It includes endpoints for listing, retrieving, creating, and deleting bookings, interacting with booking and facility repositories, and utilizing data transfer objects and exception handling.", "external_files": ["com/example/airportfacilityservice/api/dto/BookingCreateRequest.java", "com/example/airportfacilityservice/api/error/NotFoundException.java", "com/example/airportfacilityservice/domain/BookingEntity.java", "com/example/airportfacilityservice/domain/FacilityEntity.java", "com/example/airportfacilityservice/domain/FacilityType.java", "com/example/airportfacilityservice/repo/BookingRepository.java", "com/example/airportfacilityservice/repo/FacilityRepository.java"], "external_methods": ["bookingRepository.findByPassengerIdAndBookingTypeOrderByCreatedAtDesc", "bookingRepository.findByPassengerIdOrderByCreatedAtDesc", "bookingRepository.findById", "bookingRepository.save", "bookingRepository.existsById", "bookingRepository.deleteById", "facilityRepository.findById"], "published": ["com.example.airportfacilityservice.api.BookingController"], "classes": [{"name": "BookingController", "description": "Spring REST controller managing CRUD operations for facility bookings, including listing, retrieval, creation, and deletion."}], "methods": [{"name": "list", "description": "Handles GET requests to list bookings filtered by passenger ID and optionally by booking type, returning a list of BookingEntity objects."}, {"name": "get", "description": "Handles GET requests to retrieve a specific booking by its UUID, throwing NotFoundException if not found."}, {"name": "create", "description": "Handles POST requests to create a new booking based on the provided BookingCreateRequest, generating a new UUID, setting default values, and saving the entity."}, {"name": "delete", "description": "Handles DELETE requests to remove a booking by its UUID, throwing NotFoundException if the booking does not exist."}], "calls": ["bookingRepository.findByPassengerIdAndBookingTypeOrderByCreatedAtDesc", "bookingRepository.findByPassengerIdOrderByCreatedAtDesc", "bookingRepository.findById", "bookingRepository.save", "bookingRepository.existsById", "bookingRepository.deleteById", "facilityRepository.findById"], "search-terms": ["BookingController", "create booking endpoint", "delete booking endpoint", "list bookings", "get booking", "facility repository", "passenger ID filtering", "BookingCreateRequest"], "state": 2, "file_id": 41, "knowledge_revision": 93, "git_revision": "e888fbbe5d732093731ace091ff44d6ff1f3337b", "hash": "53dcae14710c2063b6b313f2d7682eeb", "format-version": 4, "code-base-name": "airport_facility_service", "filename": "airport_facility_service/src/main/java/com/example/airportfacilityservice/api/BookingController.java", "revision_history": [{"93": "e888fbbe5d732093731ace091ff44d6ff1f3337b"}]}