{"is_source_file": true, "format": "Java", "description": "Defines a JPA entity for beacon-based marketing/assistance offers within the airport facility service platform.", "external_files": ["com.fasterxml.jackson.annotation.JsonIgnoreProperties", "jakarta.persistence.Column", "jakarta.persistence.Entity", "jakarta.persistence.Id", "jakarta.persistence.Table", "org.hibernate.annotations.JdbcTypeCode", "org.hibernate.type.SqlTypes"], "external_methods": [], "published": ["com.example.airportfacilityservice.domain.BeaconOfferEntity"], "classes": [{"name": "BeaconOfferEntity", "description": "Represents a beacon offer with details such as ID, beacon identification, message, active status, and timestamps."}], "methods": [{"name": "getId", "description": "Returns the UUID identifier of the beacon offer."}, {"name": "setId", "description": "Sets the UUID identifier of the beacon offer."}, {"name": "getBeaconId", "description": "Returns the beacon ID associated with the offer."}, {"name": "setBeaconId", "description": "Sets the beacon ID associated with the offer."}, {"name": "getTitle", "description": "Returns the title of the offer."}, {"name": "setTitle", "description": "Sets the title of the offer."}, {"name": "getMessage", "description": "Returns the message content of the offer."}, {"name": "setMessage", "description": "Sets the message content of the offer."}, {"name": "getStartAt", "description": "Returns the start time of the offer."}, {"name": "setStartAt", "description": "Sets the start time of the offer."}, {"name": "getEndAt", "description": "Returns the end time of the offer."}, {"name": "setEndAt", "description": "Sets the end time of the offer."}, {"name": "isActive", "description": "Checks if the offer is active."}, {"name": "setActive", "description": "Sets the active status of the offer."}, {"name": "getMetadata", "description": "Returns the metadata JSON string associated with the offer."}, {"name": "setMetadata", "description": "Sets the metadata JSON string for the offer."}, {"name": "getCreatedAt", "description": "Returns the creation timestamp of the offer."}, {"name": "setCreatedAt", "description": "Sets the creation timestamp of the offer."}, {"name": "getUpdatedAt", "description": "Returns the last updated timestamp of the offer."}, {"name": "setUpdatedAt", "description": "Sets the last updated timestamp of the offer."}], "calls": [], "search-terms": ["BeaconOfferEntity", "proximity marketing", "BLE beacons", "airport facility"], "state": 2, "file_id": 18, "knowledge_revision": 70, "git_revision": "e888fbbe5d732093731ace091ff44d6ff1f3337b", "hash": "0524e0161c388044f1790b29297a1f75", "format-version": 4, "code-base-name": "airport_facility_service", "filename": "airport_facility_service/src/main/java/com/example/airportfacilityservice/domain/BeaconOfferEntity.java", "revision_history": [{"70": "e888fbbe5d732093731ace091ff44d6ff1f3337b"}]}