{"is_source_file": true, "format": "Java", "description": "This file defines a repository interface for FeedbackEntity objects in a Spring Data JPA context. It extends JpaRepository and provides custom query methods for retrieving feedback based on passenger and facility identifiers.", "external_files": ["com/example/airportfacilityservice/domain/FeedbackEntity.java", "org.springframework.data.jpa.repository.JpaRepository"], "external_methods": ["JpaRepository<FeedbackEntity, UUID>", "findByPassengerIdOrderByCreatedAtDesc(UUID)", "findByFacilityIdOrderByCreatedAtDesc(UUID)"], "published": ["FeedbackRepository"], "classes": [{"name": "FeedbackRepository", "description": "Repository interface for FeedbackEntity, extending JpaRepository to provide CRUD operations and custom query methods."}], "methods": [{"name": "findByPassengerIdOrderByCreatedAtDesc", "description": "Retrieves a list of FeedbackEntity objects associated with a specific passenger, ordered by creation date descending."}, {"name": "findByFacilityIdOrderByCreatedAtDesc", "description": "Retrieves a list of FeedbackEntity objects associated with a specific facility, ordered by creation date descending."}], "calls": ["JpaRepository<FeedbackEntity, UUID>", "findByPassengerIdOrderByCreatedAtDesc", "findByFacilityIdOrderByCreatedAtDesc"], "search-terms": ["FeedbackRepository", "FeedbackEntity", "findByPassengerId", "findByFacilityId", "JPA repository", "Feedback"], "state": 2, "file_id": 24, "knowledge_revision": 76, "git_revision": "e888fbbe5d732093731ace091ff44d6ff1f3337b", "hash": "9d39e894f348486776683e37cf0663c1", "format-version": 4, "code-base-name": "airport_facility_service", "filename": "airport_facility_service/src/main/java/com/example/airportfacilityservice/repo/FeedbackRepository.java", "revision_history": [{"76": "e888fbbe5d732093731ace091ff44d6ff1f3337b"}]}