{"is_source_file": true, "file_id": 44, "git_revision": "e888fbbe5d732093731ace091ff44d6ff1f3337b", "state": 1, "description": "", "external_files": [], "external_methods": [], "published": [], "classes": [], "methods": [], "calls": [], "search-terms": [], "hash": "ac714976b029aee106efc2419fe3c90d", "format-version": 4, "code-base-name": "airport_facility_service", "filename": "airport_facility_service/src/main/java/com/example/airportfacilityservice/api/HotelBookingController.java", "knowledge_revision": 55}