{"is_source_file": true, "format": "Java", "description": "Repository interface for managing BeaconOfferEntity entities, providing methods for data access related to beacon offers within the airport facility service platform.", "external_files": ["com/example/airportfacilityservice/domain/BeaconOfferEntity.java"], "external_methods": [], "published": ["BeaconOfferRepository"], "classes": [{"name": "BeaconOfferRepository", "description": "A Spring Data JPA repository interface for BeaconOfferEntity, providing CRUD operations and custom query methods."}], "methods": [{"name": "findByBeaconIdAndActive", "description": "Retrieves a list of BeaconOfferEntity objects filtered by beacon ID and active status."}], "calls": [], "search-terms": ["BeaconOfferRepository", "JpaRepository", "BeaconOfferEntity", "findByBeaconIdAndActive", "repository", "Java", "Spring Data"], "state": 2, "file_id": 26, "knowledge_revision": 78, "git_revision": "e888fbbe5d732093731ace091ff44d6ff1f3337b", "hash": "3a596aac5258ff7193eb4a877c89fcfc", "format-version": 4, "code-base-name": "airport_facility_service", "filename": "airport_facility_service/src/main/java/com/example/airportfacilityservice/repo/BeaconOfferRepository.java", "revision_history": [{"78": "e888fbbe5d732093731ace091ff44d6ff1f3337b"}]}