{"is_source_file": true, "format": "Java", "description": "This file defines a data structure for representing a standard API error response, including details such as timestamp, status, error message, path, and validation violations. It contains a main record 'ApiError' and a nested record 'FieldViolation'.", "external_files": ["io/swagger/v3/oas/annotations/media/Schema.java"], "external_methods": [], "published": ["ApiError", "ApiError.FieldViolation"], "classes": [{"name": "ApiError", "description": "Data record representing a standard API error response with metadata and validation details."}, {"name": "ApiError.FieldViolation", "description": "Nested record representing a validation violation on a specific field."}], "methods": [], "calls": [], "search-terms": ["ApiError", "FieldViolation", "error response", "validation violations", "API error", "java record"], "state": 2, "file_id": 27, "knowledge_revision": 79, "git_revision": "e888fbbe5d732093731ace091ff44d6ff1f3337b", "hash": "484c505355d45d951a1184c6c256facb", "format-version": 4, "code-base-name": "airport_facility_service", "filename": "airport_facility_service/src/main/java/com/example/airportfacilityservice/api/error/ApiError.java", "revision_history": [{"79": "e888fbbe5d732093731ace091ff44d6ff1f3337b"}]}