{"is_source_file": true, "format": "Java", "description": "This file defines a Java record named LoungeBookingCreateRequest used for creating lounge booking requests, including booking ID and lounge pass count.", "external_files": ["io.swagger.v3.oas.annotations.media.Schema", "jakarta.validation.constraints.Min", "jakarta.validation.constraints.NotNull", "java.util.UUID"], "external_methods": [], "published": ["LoungeBookingCreateRequest"], "classes": [{"name": "LoungeBookingCreateRequest", "description": "A Java record representing the data required to create a lounge booking request, including booking ID and pass count."}], "methods": [], "calls": [], "search-terms": ["LoungeBookingCreateRequest", "Create lounge booking", "loungePassCount", "bookingId", "java record", "request DTO"], "state": 2, "file_id": 35, "knowledge_revision": 87, "git_revision": "e888fbbe5d732093731ace091ff44d6ff1f3337b", "hash": "df6e6d42566548037bec6ff1248aaca3", "format-version": 4, "code-base-name": "airport_facility_service", "filename": "airport_facility_service/src/main/java/com/example/airportfacilityservice/api/dto/LoungeBookingCreateRequest.java", "revision_history": [{"87": "e888fbbe5d732093731ace091ff44d6ff1f3337b"}]}