{"is_source_file": true, "format": "Java", "description": "This file defines a data transfer object (DTO) for creating a beacon offer, using Java records with validation annotations and Swagger documentation.", "external_files": ["io.swagger.v3.oas.annotations.media.Schema", "jakarta.validation.constraints.NotBlank", "jakarta.validation.constraints.Size"], "external_methods": [], "published": ["BeaconOfferCreateRequest"], "classes": [{"name": "BeaconOfferCreateRequest", "description": "A record class representing a request to create a beacon offer, including fields for beacon ID, title, message, active flag, and metadata."}], "methods": [], "calls": [], "search-terms": ["BeaconOfferCreateRequest", "DTO", "CreateBeaconOffer", "DTO record", "Java record"], "state": 2, "file_id": 39, "knowledge_revision": 91, "git_revision": "e888fbbe5d732093731ace091ff44d6ff1f3337b", "hash": "11bca3d635b993efeb73c4849848442b", "format-version": 4, "code-base-name": "airport_facility_service", "filename": "airport_facility_service/src/main/java/com/example/airportfacilityservice/api/dto/BeaconOfferCreateRequest.java", "revision_history": [{"91": "e888fbbe5d732093731ace091ff44d6ff1f3337b"}]}