{"is_source_file": true, "format": "Java", "description": "This file defines an enumeration 'FacilityType' representing different types of facilities supported by the platform, such as parking, lounge, hotel, restaurant, and service. It is backed by a PostgreSQL enum corresponding to a database enum 'facility_type'.", "external_files": ["Flyway migration scripts (e.g., V1)", "PostgreSQL enum 'facility_type'"], "external_methods": [], "published": ["com.example.airportfacilityservice.domain.FacilityType"], "classes": [{"name": "FacilityType", "description": "Enumeration of different facility types supported by the platform."}], "methods": [], "calls": [], "search-terms": ["FacilityType enum", "facility_type PostgreSQL enum", "airport facility platform", "FacilityType Java enum", "com.example.airportfacilityservice.domain"], "state": 2, "file_id": 10, "knowledge_revision": 62, "git_revision": "e888fbbe5d732093731ace091ff44d6ff1f3337b", "hash": "4fa9dcc45e30ad39f0692d94548e3c03", "format-version": 4, "code-base-name": "airport_facility_service", "filename": "airport_facility_service/src/main/java/com/example/airportfacilityservice/domain/FacilityType.java", "revision_history": [{"62": "e888fbbe5d732093731ace091ff44d6ff1f3337b"}]}