{"is_source_file": true, "format": "Java", "description": "This file defines a repository interface for hotel booking entities, using Spring Data JPA to provide database access methods.", "external_files": ["com/example/airportfacilityservice/domain/HotelBookingEntity.java"], "external_methods": [], "published": ["HotelBookingRepository"], "classes": [{"name": "HotelBookingRepository", "description": "Repository interface for HotelBookingEntity, extending JpaRepository to provide CRUD and custom database operations."}], "methods": [], "calls": [], "search-terms": ["HotelBookingRepository", "JpaRepository", "HotelBookingEntity", "UUID", "Repository", "Spring Data"], "state": 2, "file_id": 23, "knowledge_revision": 75, "git_revision": "e888fbbe5d732093731ace091ff44d6ff1f3337b", "hash": "ce43f86a7584639e1d61d4022d44ffbd", "format-version": 4, "code-base-name": "airport_facility_service", "filename": "airport_facility_service/src/main/java/com/example/airportfacilityservice/repo/HotelBookingRepository.java", "revision_history": [{"75": "e888fbbe5d732093731ace091ff44d6ff1f3337b"}]}