{"is_source_file": true, "format": "Java", "description": "This file defines the FeedbackEntity class, which maps to the 'feedback' database table. It models passenger feedback related to airport facilities or services, including fields like rating, message, status, timestamps, and associated passenger and facility IDs.", "external_files": ["com.fasterxml.jackson.annotation.JsonIgnoreProperties", "jakarta.persistence.Column", "jakarta.persistence.Entity", "jakarta.persistence.Id", "jakarta.persistence.Table"], "external_methods": [], "published": ["com.example.airportfacilityservice.domain.FeedbackEntity"], "classes": [{"name": "FeedbackEntity", "description": "Entity class representing feedback provided by passengers regarding airport facilities or services."}], "methods": [{"name": "getId", "description": "Returns the UUID of the feedback record."}, {"name": "setId", "description": "Sets the UUID of the feedback record."}, {"name": "getPassengerId", "description": "Returns the UUID of the passenger who submitted the feedback."}, {"name": "setPassengerId", "description": "Sets the UUID of the passenger who submitted the feedback."}, {"name": "getFacilityId", "description": "Returns the UUID of the facility related to the feedback."}, {"name": "setFacilityId", "description": "Sets the UUID of the facility related to the feedback."}, {"name": "getRating", "description": "Returns the rating score given in the feedback."}, {"name": "setRating", "description": "Sets the rating score."}, {"name": "getTitle", "description": "Returns the feedback title."}, {"name": "setTitle", "description": "Sets the feedback title."}, {"name": "getMessage", "description": "Returns the feedback message content."}, {"name": "setMessage", "description": "Sets the feedback message."}, {"name": "getStatus", "description": "Returns the status of feedback (default 'OPEN')."}, {"name": "setStatus", "description": "Sets the feedback status."}, {"name": "getCreatedAt", "description": "Returns the timestamp when feedback was created."}, {"name": "setCreatedAt", "description": "Sets the creation timestamp."}, {"name": "getUpdatedAt", "description": "Returns the timestamp when feedback was last updated."}, {"name": "setUpdatedAt", "description": "Sets the last updated timestamp."}], "calls": [], "search-terms": ["FeedbackEntity", "feedback", "passenger feedback", "airport facility", "Java entity class", "UUID", "Hibernate", "JPA"], "state": 2, "file_id": 16, "knowledge_revision": 68, "git_revision": "e888fbbe5d732093731ace091ff44d6ff1f3337b", "hash": "fe44f3379a54731f13bf0fbdd899c90c", "format-version": 4, "code-base-name": "airport_facility_service", "filename": "airport_facility_service/src/main/java/com/example/airportfacilityservice/domain/FeedbackEntity.java", "revision_history": [{"68": "e888fbbe5d732093731ace091ff44d6ff1f3337b"}]}