{"is_source_file": true, "format": "Java", "description": "This file defines a record class 'GrievanceCreateRequest' used to encapsulate data for creating a grievance or ticket within the airport facility service platform. It includes fields like passengerId, bookingId, category, subject, description, and priority, with validation and schema annotations.", "external_files": ["io.swagger.v3.oas.annotations.media.Schema", "jakarta.validation.constraints.NotBlank", "jakarta.validation.constraints.Size", "java.util.UUID"], "external_methods": [], "published": ["GrievanceCreateRequest"], "classes": [{"name": "GrievanceCreateRequest", "description": "A record class representing a request to create a grievance, including validation constraints and schema annotations for API documentation."}], "methods": [], "calls": [], "search-terms": ["GrievanceCreateRequest", "api.dto", "Record", "PassportId", "BookingId", "Validation", "Schema annotations"], "state": 2, "file_id": 38, "knowledge_revision": 90, "git_revision": "e888fbbe5d732093731ace091ff44d6ff1f3337b", "hash": "da6c7f70e5de61861cf5b01d271ec5e0", "format-version": 4, "code-base-name": "airport_facility_service", "filename": "airport_facility_service/src/main/java/com/example/airportfacilityservice/api/dto/GrievanceCreateRequest.java", "revision_history": [{"90": "e888fbbe5d732093731ace091ff44d6ff1f3337b"}]}