{"is_source_file": true, "format": "SQL", "description": "This is a SQL migration script for setting up the core database schema for an airport passenger service platform. It includes table definitions, type creations, indexes, and triggers related to admin roles, passengers, KYC, OTP sessions, chatbot conversations, flights, facilities, bookings, feedback, grievances, notifications, and audit events.", "external_files": ["Flyway migration tooling", "PostgreSQL extensions and types", "Related Spring Boot services"], "external_methods": ["set_updated_at() trigger function"], "published": [], "classes": [], "methods": [], "calls": ["CREATE EXTENSION IF NOT EXISTS \"pgcrypto\"", "CREATE FUNCTION set_updated_at()", "DROP TRIGGER IF EXISTS trg_set_updated_at ON <table>", "CREATE TRIGGER trg_set_updated_at BEFORE UPDATE ON <table> FOR EACH ROW EXECUTE FUNCTION set_updated_at()"], "search-terms": ["V1__init_schema.sql", "database schema creation", "Flyway SQL migration", "airport passenger platform", "core schema", "PostgreSQL setup", "OTP sessions", "flight status cache"], "state": 2, "file_id": 6, "knowledge_revision": 15, "git_revision": "d85651531039ad454c1350287a42104a9fa38f73", "hash": "67765033d99179eae58057dcde1b95d2", "format-version": 4, "code-base-name": "airport_facility_service", "filename": "airport_facility_service/src/main/resources/db/migration/V1__init_schema.sql", "revision_history": [{"15": "d85651531039ad454c1350287a42104a9fa38f73"}]}