{"is_source_file": true, "format": "Java", "description": "This file defines the ParkingBookingEntity class, which represents parking booking details as a JPA entity mapped to the 'parking_bookings' table. It includes fields such as booking ID, vehicle number, slot code, entry and exit times, and timestamps for creation and update.", "external_files": ["com.fasterxml.jackson.annotation.JsonIgnoreProperties", "jakarta.persistence.Column", "jakarta.persistence.Entity", "jakarta.persistence.Id", "jakarta.persistence.Table"], "external_methods": [], "published": ["getBookingId", "setBookingId", "getVehicleNumber", "setVehicleNumber", "getSlotCode", "setSlotCode", "getEntryTime", "setEntryTime", "getExitTime", "setExitTime", "getCreatedAt", "setCreatedAt", "getUpdatedAt", "setUpdatedAt"], "classes": [{"name": "ParkingBookingEntity", "description": "Entity class representing parking booking details, mapped to the 'parking_bookings' database table."}], "methods": [{"name": "getBookingId", "description": "Returns the booking UUID."}, {"name": "setBookingId", "description": "Sets the booking UUID."}, {"name": "getVehicleNumber", "description": "Returns the vehicle number."}, {"name": "setVehicleNumber", "description": "Sets the vehicle number."}, {"name": "getSlotCode", "description": "Returns the parking slot code."}, {"name": "setSlotCode", "description": "Sets the parking slot code."}, {"name": "getEntryTime", "description": "Returns the entry time as an Instant."}, {"name": "setEntryTime", "description": "Sets the entry time."}, {"name": "getExitTime", "description": "Returns the exit time as an Instant."}, {"name": "setExitTime", "description": "Sets the exit time."}, {"name": "getCreatedAt", "description": "Returns the creation timestamp."}, {"name": "setCreatedAt", "description": "Sets the creation timestamp."}, {"name": "getUpdatedAt", "description": "Returns the last updated timestamp."}, {"name": "setUpdatedAt", "description": "Sets the last updated timestamp."}], "calls": [], "search-terms": ["ParkingBookingEntity", "parking_bookings", "UUID", "Instant", "vehicleNumber", "slotCode", "entryTime", "exitTime"], "state": 2, "file_id": 13, "knowledge_revision": 65, "git_revision": "e888fbbe5d732093731ace091ff44d6ff1f3337b", "hash": "1ed383cdf29faaa47839b6b02fdd9c23", "format-version": 4, "code-base-name": "airport_facility_service", "filename": "airport_facility_service/src/main/java/com/example/airportfacilityservice/domain/ParkingBookingEntity.java", "revision_history": [{"65": "e888fbbe5d732093731ace091ff44d6ff1f3337b"}]}