{"is_source_file": true, "format": "Java", "description": "This file defines the BookingEntity class, which models a booking record for various facilities within the airport passenger service platform. It includes fields such as ID, passenger ID, facility ID, booking type, status, reference code, timestamps, amount, and notes, along with appropriate JPA annotations for ORM mapping.", "external_files": ["com.fasterxml.jackson.annotation.JsonIgnoreProperties", "jakarta.persistence.*"], "external_methods": [], "published": ["com.example.airportfacilityservice.domain.BookingEntity"], "classes": [{"name": "BookingEntity", "description": "Entity class representing a booking record for airport facilities such as parking, lounge, or hotel. It includes mappings for database persistence and provides getter and setter methods for each field."}], "methods": [{"name": "getId", "description": "Returns the unique identifier of the booking."}, {"name": "setId", "description": "Sets the unique identifier of the booking."}, {"name": "getPassengerId", "description": "Returns the UUID of the passenger associated with this booking."}, {"name": "setPassengerId", "description": "Sets the UUID of the passenger."}, {"name": "getFacilityId", "description": "Returns the ID of the facility associated with this booking."}, {"name": "setFacilityId", "description": "Sets the facility ID."}, {"name": "getBookingType", "description": "Returns the type of facility booked (enum)."}, {"name": "setBookingType", "description": "Sets the facility booking type."}, {"name": "getStatus", "description": "Returns the current status of the booking."}, {"name": "setStatus", "description": "Updates the booking status."}, {"name": "getReferenceCode", "description": "Returns the reference code associated with the booking."}, {"name": "setReferenceCode", "description": "Sets the reference code."}, {"name": "getStartAt", "description": "Returns the start time of the booking."}, {"name": "setStartAt", "description": "Sets the start time of the booking."}, {"name": "getEndAt", "description": "Returns the end time of the booking."}, {"name": "setEndAt", "description": "Sets the end time of the booking."}, {"name": "getAmount", "description": "Returns the total amount for the booking."}, {"name": "setAmount", "description": "Sets the total amount."}, {"name": "getCurrencyCode", "description": "Returns the currency code used for the amount."}, {"name": "setCurrencyCode", "description": "Sets the currency code."}, {"name": "getNotes", "description": "Returns additional notes related to the booking."}, {"name": "setNotes", "description": "Adds or updates notes."}, {"name": "getCreatedAt", "description": "Returns the timestamp when the booking was created."}, {"name": "setCreatedAt", "description": "Sets the creation timestamp."}, {"name": "getUpdatedAt", "description": "Returns the timestamp when the booking was last updated."}, {"name": "setUpdatedAt", "description": "Updates the 'last modified' timestamp."}], "calls": [], "search-terms": ["BookingEntity", "facility_id", "passenger_id", "booking_type", "reference_code", "Instant", "UUID", "JPA", "ORM", "booking record", "airport facility"], "state": 2, "file_id": 12, "knowledge_revision": 64, "git_revision": "e888fbbe5d732093731ace091ff44d6ff1f3337b", "hash": "66eda1cb58771a4d460862d0deb3ccfe", "format-version": 4, "code-base-name": "airport_facility_service", "filename": "airport_facility_service/src/main/java/com/example/airportfacilityservice/domain/BookingEntity.java", "revision_history": [{"64": "e888fbbe5d732093731ace091ff44d6ff1f3337b"}]}