{"is_source_file": false, "format": "", "description": "", "external_files": [], "external_methods": [], "published": [], "classes": [], "methods": [], "calls": [], "search-terms": [], "state": 2, "file_id": 3, "knowledge_revision": 7, "git_revision": "63aea0d8ae6b066ad8207ed99c883e7a86b970d9", "hash": "8c7bceb09b27a76870a1996b3554f560", "format-version": 4, "code-base-name": "airport_facility_service", "filename": "airport_facility_service/settings.gradle", "revision_history": [{"7": "63aea0d8ae6b066ad8207ed99c883e7a86b970d9"}]}