{"is_source_file": true, "format": "Java", "description": "This file defines a Java interface that serves as a repository for managing LoungeBookingEntity instances using Spring Data JPA.", "external_files": ["com.example.airportfacilityservice.domain.LoungeBookingEntity", "org.springframework.data.jpa.repository.JpaRepository"], "external_methods": [], "published": ["LoungeBookingRepository"], "classes": [{"name": "LoungeBookingRepository", "description": "Repository interface for LoungeBookingEntity, extending Spring Data JPA's JpaRepository to provide CRUD operations."}], "methods": [], "calls": [], "search-terms": ["LoungeBookingRepository", "JpaRepository", "LoungeBookingEntity", "repository", "interface"], "state": 2, "file_id": 22, "knowledge_revision": 74, "git_revision": "e888fbbe5d732093731ace091ff44d6ff1f3337b", "hash": "fd5ef634d746953318529161c9483608", "format-version": 4, "code-base-name": "airport_facility_service", "filename": "airport_facility_service/src/main/java/com/example/airportfacilityservice/repo/LoungeBookingRepository.java", "revision_history": [{"74": "e888fbbe5d732093731ace091ff44d6ff1f3337b"}]}