{"is_source_file": true, "format": "Java", "description": "This file defines a Spring Data JPA repository interface for accessing GrievanceEntity records related to grievances in the airport facility service platform.", "external_files": ["com/example/airportfacilityservice/domain/GrievanceEntity.java"], "external_methods": [], "published": ["GrievanceRepository"], "classes": [{"name": "GrievanceRepository", "description": "A Spring Data JPA repository interface for managing GrievanceEntity objects, providing built-in methods and a custom finder for grievances by passenger ID."}], "methods": [{"name": "findByPassengerIdOrderByCreatedAtDesc", "description": "Retrieves a list of grievances associated with a specific passenger ID, ordered by creation date descending."}], "calls": [], "search-terms": ["GrievanceRepository", "JpaRepository", "findByPassengerIdOrderByCreatedAtDesc", "GrievanceEntity", "passengerId"], "state": 2, "file_id": 25, "knowledge_revision": 77, "git_revision": "e888fbbe5d732093731ace091ff44d6ff1f3337b", "hash": "324d6c85e50ad35fa6c01966622d7cd1", "format-version": 4, "code-base-name": "airport_facility_service", "filename": "airport_facility_service/src/main/java/com/example/airportfacilityservice/repo/GrievanceRepository.java", "revision_history": [{"77": "e888fbbe5d732093731ace091ff44d6ff1f3337b"}]}