{"is_source_file": true, "format": "Java", "description": "This Java class defines a Spring Boot REST controller providing basic endpoints for an airport facility service, including welcome, documentation redirection, health check, and application info.", "external_files": ["io.swagger.v3.oas.annotations.Operation", "io.swagger.v3.oas.annotations.tags.Tag", "jakarta.servlet.http.HttpServletRequest", "org.springframework.http.server.ServletServerHttpRequest", "org.springframework.web.bind.annotation.GetMapping", "org.springframework.web.bind.annotation.RestController", "org.springframework.web.servlet.view.RedirectView", "org.springframework.web.util.UriComponentsBuilder"], "external_methods": ["UriComponentsBuilder.fromHttpRequest", "new ServletServerHttpRequest(request).getHeaders", "UriComponentsBuilder.replacePath", "UriComponentsBuilder.replaceQuery", "UriComponentsBuilder.build", "RedirectView.setHttp10Compatible"], "published": ["hello", "docs", "health", "info"], "classes": [{"name": "HelloController", "description": "A Spring Boot REST controller that provides basic endpoints for airport facility service, including welcome, documentation redirection, health check, and info."}], "methods": [{"name": "hello", "description": "Returns a welcome message to the user."}, {"name": "docs", "description": "Redirects the requester to the Swagger UI page, constructing the URL based on the incoming request."}, {"name": "health", "description": "Returns the application health status as 'OK'."}, {"name": "info", "description": "Returns basic application information."}], "calls": ["UriComponentsBuilder.fromHttpRequest", "new ServletServerHttpRequest(request)", "replacePath", "replaceQuery", "build", "setHttp10Compatible"], "search-terms": ["Spring Boot REST controller", "Swagger UI redirect", "health endpoint", "application info", "airport facility service", "HelloController"], "state": 2, "file_id": 2, "knowledge_revision": 11, "git_revision": "63aea0d8ae6b066ad8207ed99c883e7a86b970d9", "hash": "06a53e578057fdab77cda801cd6e701c", "format-version": 4, "code-base-name": "airport_facility_service", "filename": "airport_facility_service/src/main/java/com/example/demo/HelloController.java", "revision_history": [{"11": "63aea0d8ae6b066ad8207ed99c883e7a86b970d9"}]}