{"is_source_file": true, "format": "Java", "description": "Defines the FacilityEntity class, representing a facility (parking, lounge, hotel, etc.) in the airport facility service platform. The class includes fields for unique ID, type, code, name, description, location, status, pricing, metadata, creation, and update timestamps.", "external_files": ["com.fasterxml.jackson.annotation.JsonIgnoreProperties", "jakarta.persistence.*", "org.hibernate.annotations.JdbcTypeCode", "org.hibernate.type.SqlTypes"], "external_methods": [], "published": ["FacilityEntity"], "classes": [{"name": "FacilityEntity", "description": "Entity class mapped to the 'facilities' table, representing a facility with various attributes such as type, code, location, status, and timestamps."}], "methods": [{"name": "getId", "description": "Returns the UUID identifier for this facility."}, {"name": "setId", "description": "Sets the UUID identifier for this facility."}, {"name": "getFacilityType", "description": "Returns the type of the facility."}, {"name": "setFacilityType", "description": "Sets the type of the facility."}, {"name": "getCode", "description": "Returns the code identifier for the facility."}, {"name": "setCode", "description": "Sets the code identifier for the facility."}, {"name": "getName", "description": "Returns the name of the facility."}, {"name": "setName", "description": "Sets the name of the facility."}, {"name": "getDescription", "description": "Returns the description of the facility."}, {"name": "setDescription", "description": "Sets the description of the facility."}, {"name": "getLocationText", "description": "Returns the location text of the facility."}, {"name": "setLocationText", "description": "Sets the location text of the facility."}, {"name": "isActive", "description": "Checks if the facility is active."}, {"name": "setActive", "description": "Sets the active status of the facility."}, {"name": "getPriceBase", "description": "Returns the base price of the facility."}, {"name": "setPriceBase", "description": "Sets the base price of the facility."}, {"name": "getCurrencyCode", "description": "Returns the currency code used for the facility's price."}, {"name": "setCurrencyCode", "description": "Sets the currency code for the facility."}, {"name": "getMetadata", "description": "Returns the JSON metadata associated with the facility."}, {"name": "setMetadata", "description": "Sets the JSON metadata for the facility."}, {"name": "getCreatedAt", "description": "Returns the creation timestamp of the facility."}, {"name": "setCreatedAt", "description": "Sets the creation timestamp of the facility."}, {"name": "getUpdatedAt", "description": "Returns the last updated timestamp of the facility."}, {"name": "setUpdatedAt", "description": "Sets the last updated timestamp of the facility."}], "calls": [], "search-terms": ["FacilityEntity", "facility_type", "facilities table", "FacilityType", "JSON metadata"], "state": 2, "file_id": 11, "knowledge_revision": 63, "git_revision": "e888fbbe5d732093731ace091ff44d6ff1f3337b", "hash": "0d5738fa7fc7b3a8c975a12da594d917", "format-version": 4, "code-base-name": "airport_facility_service", "filename": "airport_facility_service/src/main/java/com/example/airportfacilityservice/domain/FacilityEntity.java", "revision_history": [{"63": "e888fbbe5d732093731ace091ff44d6ff1f3337b"}]}