{"is_source_file": true, "format": "Java", "description": "This file defines a REST controller for managing hotel bookings within an airport facility service project. It provides endpoints for creating and retrieving hotel booking details, interacting with repository classes, and handling requests and responses.", "external_files": ["com.example.airportfacilityservice.api.dto.HotelBookingCreateRequest", "com.example.airportfacilityservice.api.error.NotFoundException", "com.example.airportfacilityservice.domain.BookingEntity", "com.example.airportfacilityservice.domain.HotelBookingEntity", "com.example.airportfacilityservice.repo.BookingRepository", "com.example.airportfacilityservice.repo.HotelBookingRepository", "io.swagger.v3.oas.annotations.Operation", "io.swagger.v3.oas.annotations.tags.Tag", "org.springframework.web.bind.annotation.GetMapping", "org.springframework.web.bind.annotation.PostMapping", "org.springframework.web.bind.annotation.RequestMapping", "org.springframework.web.bind.annotation.RequestBody", "org.springframework.web.bind.annotation.ResponseStatus", "org.springframework.web.bind.annotation.RestController"], "external_methods": ["hotelBookingRepository.findById", "bookingRepository.findById", "hotelBookingRepository.save", "NotFoundException.<init>()"], "published": ["HotelBookingController"], "classes": [{"name": "HotelBookingController", "description": "A REST controller class that manages hotel booking operations such as creation and retrieval, utilizing Spring Web annotations and repository dependencies."}], "methods": [{"name": "HotelBookingController", "description": "Constructor initializing repositories for hotel bookings and general bookings."}, {"name": "get", "description": "Handles GET requests to retrieve hotel booking details by bookingId, throws NotFoundException if not found."}, {"name": "create", "description": "Handles POST requests to create new hotel bookings based on request data, throws NotFoundException if the associated booking is not found."}], "calls": ["hotelBookingRepository.findById", "bookingRepository.findById", "hotelBookingRepository.save", "NotFoundException"], "search-terms": ["HotelBookingController", "hotel booking", "API endpoint", "Spring RestController", "hotel bookings"], "state": 2, "file_id": 44, "knowledge_revision": 96, "git_revision": "e888fbbe5d732093731ace091ff44d6ff1f3337b", "hash": "ac714976b029aee106efc2419fe3c90d", "format-version": 4, "code-base-name": "airport_facility_service", "filename": "airport_facility_service/src/main/java/com/example/airportfacilityservice/api/HotelBookingController.java", "revision_history": [{"96": "e888fbbe5d732093731ace091ff44d6ff1f3337b"}]}