{"is_source_file": false, "format": "", "description": "", "external_files": [], "external_methods": [], "published": [], "classes": [], "methods": [], "calls": [], "search-terms": ["airport-passenger-service-platform-26705-26716"], "state": 2, "file_id": 5, "knowledge_revision": 8, "git_revision": "90f572027ebb8e94c7847785699200c1bd228157", "hash": "708457693ce7f3491158665154702a60", "format-version": 4, "code-base-name": "airport_facility_service", "filename": "README.md", "revision_history": [{"8": "90f572027ebb8e94c7847785699200c1bd228157"}]}